,2026-05-31,2025-05-31,2024-05-31,2023-05-31,2022-05-31
Ordinary Shares Number,1483498703.0,1476000000.0,1503000000.0,1532000000.0,
Share Issued,1483498703.0,1476000000.0,1503000000.0,1532000000.0,
Net Debt,379000000.0,497000000.0,,1492000000.0,856000000.0
Total Debt,11033000000.0,11013000000.0,11952000000.0,12144000000.0,
Tangible Book Value,14366000000.0,12714000000.0,13931000000.0,13449000000.0,
Invested Capital,22807000000.0,21174000000.0,23339000000.0,22937000000.0,
Working Capital,12056000000.0,12796000000.0,14789000000.0,15946000000.0,
Net Tangible Assets,14366000000.0,12714000000.0,13931000000.0,13449000000.0,
Capital Lease Obligations,3091000000.0,3052000000.0,3043000000.0,3211000000.0,
Common Stock Equity,14865000000.0,13213000000.0,14430000000.0,14004000000.0,
Total Capitalization,20807000000.0,21174000000.0,22333000000.0,22931000000.0,
Total Equity Gross Minority Interest,14865000000.0,13213000000.0,14430000000.0,14004000000.0,
Stockholders Equity,14865000000.0,13213000000.0,14430000000.0,14004000000.0,
Gains Losses Not Affecting Retained Earnings,-141000000.0,-258000000.0,53000000.0,231000000.0,
Other Equity Adjustments,-141000000.0,-258000000.0,53000000.0,231000000.0,
Retained Earnings,-155000000.0,-727000000.0,965000000.0,1358000000.0,
Additional Paid In Capital,15158000000.0,14195000000.0,13409000000.0,12412000000.0,
Capital Stock,3000000.0,3000000.0,3000000.0,3000000.0,
Common Stock,3000000.0,3000000.0,3000000.0,3000000.0,
Total Liabilities Net Minority Interest,23545000000.0,23366000000.0,23680000000.0,23527000000.0,
Total Non Current Liabilities Net Minority Interest,10998000000.0,12800000000.0,13087000000.0,14271000000.0,
Other Non Current Liabilities,2443000000.0,2289000000.0,2618000000.0,2558000000.0,
Preferred Securities Outside Stock Equity,0.0,0.0,0.0,0.0,
Non Current Deferred Liabilities,,,,,2613000000.0
Non Current Deferred Taxes Liabilities,,,,,2613000000.0
Long Term Debt And Capital Lease Obligation,8555000000.0,10511000000.0,10469000000.0,11713000000.0,
Long Term Capital Lease Obligation,2613000000.0,2550000000.0,2566000000.0,2786000000.0,
Long Term Debt,5942000000.0,7961000000.0,7903000000.0,8927000000.0,
Current Liabilities,12547000000.0,10566000000.0,10593000000.0,9256000000.0,
Current Debt And Capital Lease Obligation,2478000000.0,502000000.0,1483000000.0,431000000.0,
Current Capital Lease Obligation,478000000.0,502000000.0,477000000.0,425000000.0,
Current Debt,2000000000.0,5000000.0,1006000000.0,6000000.0,
Other Current Borrowings,2000000000.0,,1000000000.0,,500000000.0
Current Notes Payable,,5000000.0,6000000.0,6000000.0,10000000.0
Pensionand Other Post Retirement Benefit Plans Current,1569000000.0,1245000000.0,1869000000.0,2289000000.0,
Current Provisions,1589000000.0,1834000000.0,1282000000.0,994000000.0,
Payables And Accrued Expenses,6911000000.0,6985000000.0,5959000000.0,5542000000.0,
Current Accrued Expenses,2316000000.0,2239000000.0,2011000000.0,1911000000.0,
Payables,4595000000.0,4746000000.0,3948000000.0,3631000000.0,
Dividends Payable,618000000.0,598000000.0,563000000.0,529000000.0,
Total Tax Payable,377000000.0,669000000.0,534000000.0,240000000.0,
Income Tax Payable,377000000.0,669000000.0,534000000.0,240000000.0,
Accounts Payable,3600000000.0,3479000000.0,2851000000.0,2862000000.0,
Total Assets,38410000000.0,36579000000.0,38110000000.0,37531000000.0,
Total Non Current Assets,13807000000.0,13217000000.0,12728000000.0,12329000000.0,
Other Non Current Assets,5674000000.0,5178000000.0,4511000000.0,3770000000.0,
Non Current Deferred Assets,,,,,3821000000.0
Non Current Deferred Taxes Assets,,,,,3821000000.0
Goodwill And Other Intangible Assets,499000000.0,499000000.0,499000000.0,555000000.0,
Other Intangible Assets,259000000.0,259000000.0,259000000.0,274000000.0,
Goodwill,240000000.0,240000000.0,240000000.0,281000000.0,
Net PPE,7634000000.0,7540000000.0,7718000000.0,8004000000.0,
Accumulated Depreciation,-6526000000.0,-6104000000.0,-5914000000.0,-5634000000.0,
Gross PPE,14160000000.0,13644000000.0,13632000000.0,13638000000.0,
Leases,2114000000.0,2037000000.0,2023000000.0,1876000000.0,
Construction In Progress,427000000.0,404000000.0,193000000.0,525000000.0,
Other Properties,2838000000.0,2712000000.0,2718000000.0,2923000000.0,
Machinery Furniture Equipment,4859000000.0,4647000000.0,4930000000.0,4695000000.0,
Buildings And Improvements,3589000000.0,3510000000.0,3439000000.0,3293000000.0,
Land And Improvements,333000000.0,334000000.0,329000000.0,326000000.0,
Properties,0.0,0.0,0.0,0.0,
Current Assets,24603000000.0,23362000000.0,25382000000.0,25202000000.0,
Other Current Assets,2144000000.0,2005000000.0,1854000000.0,1942000000.0,
Prepaid Assets,,,,,2129000000.0
Inventory,7501000000.0,7489000000.0,7519000000.0,8454000000.0,
Finished Goods,7501000000.0,7489000000.0,7519000000.0,8454000000.0,
Receivables,5931000000.0,4717000000.0,4427000000.0,4131000000.0,
Accounts Receivable,5931000000.0,4717000000.0,4427000000.0,4131000000.0,
Allowance For Doubtful Accounts Receivable,,-27000000.0,-35000000.0,-35000000.0,-34000000.0
Gross Accounts Receivable,,4744000000.0,4462000000.0,4166000000.0,4701000000.0
Cash Cash Equivalents And Short Term Investments,9027000000.0,9151000000.0,11582000000.0,10675000000.0,
Other Short Term Investments,1464000000.0,1687000000.0,1722000000.0,3234000000.0,
Cash And Cash Equivalents,7563000000.0,7464000000.0,9860000000.0,7441000000.0,
Cash Equivalents,5844000000.0,6243000000.0,8638000000.0,5674000000.0,
Cash Financial,1719000000.0,1221000000.0,1222000000.0,1767000000.0,
