ticker,price,eps,pe_ratio,roe,free_cash_flow,debt_to_equity,profit_margin,revenue_growth
SOFI,15.845,0.3727,42.52,0.0459,-3993575000.0,0.1844,0.1332,0.3832
META,733.1951,27.417,26.74,0.2783,46109000000.0,0.3862,0.3008,0.2217
MRNA,192.2,-7.0685,,-0.3262,-2075000000.0,0.1509,-1.4683,-0.3992
JPM,332.07,21.4613,15.47,0.1574,,1.3795,0.3137,0.0732
LYFT,15.08,7.5131,2.01,0.8688,1115616000.0,0.39,0.4503,0.0916
NVDA,230.63,4.9723,46.38,0.7633,96676000000.0,0.0702,0.556,0.6547
MSFT,518.21,18.012,28.77,0.3023,66987000000.0,0.1285,0.4031,0.1779
AMP,494.92,40.3359,12.27,0.5441,8161000000.0,0.8951,0.1928,0.0704
NBIS,238.435,0.0411,5800.3,0.0021,-3681200000.0,1.0825,0.0185,4.7902
AMGN,423.43,14.2629,29.69,0.8906,8100000000.0,6.3068,0.2098,0.0995
GOOGL,348.92,22.5271,15.49,0.3183,73266000000.0,0.1428,0.3281,0.1509
LMND,45.415,-2.1383,,-0.3102,-25900000.0,0.3413,-0.2243,0.4015
AME,249.79,6.4561,38.69,0.1393,1671515000.0,0.2206,0.2,0.0663
HOOD,112.5001,2.3816,47.24,0.206,1584000000.0,1.272,0.421,0.5158
AWK,130.68,5.5905,23.38,0.1025,-1242000000.0,1.4689,0.2161,0.0974
SNDK,1749.4747,78.0841,22.4,0.7266,11494000000.0,0.0112,0.5646,1.753
NET,350.08,-0.317,,-0.0701,260562000.0,2.4113,-0.0472,0.2985
LNT,63.775,3.124,20.41,0.1104,,1.652,0.1857,0.0957
NKE,35.49,2.5855,13.73,0.2091,2184000000.0,0.7422,0.067,0.0019
AAPL,336.2,7.675,43.8,1.5191,98767000000.0,1.338,0.2692,0.0643
RBLX,42.46,-1.5897,,-2.6999,1352880000.0,4.5698,-0.2178,0.3577
