ticker,our_pe,our_roe,our_margin,score,rating,finviz_pe,finviz_roe,finviz_margin,finviz_de,macrotrends_pe
META,26.48,0.2783,0.3008,93,STRONG BUY,N/A,N/A,N/A,N/A,N/A
NVDA,46.43,0.7633,0.556,90,STRONG BUY,N/A,N/A,N/A,N/A,N/A
MSFT,28.47,0.3023,0.4031,85,STRONG BUY,N/A,N/A,N/A,N/A,N/A
SNDK,22.89,0.7266,0.5646,80,STRONG BUY,N/A,N/A,N/A,N/A,N/A
LYFT,2.02,0.8688,0.4503,76,STRONG BUY,N/A,N/A,N/A,N/A,N/A
GOOGL,15.01,0.3183,0.3281,74,STRONG BUY,N/A,N/A,N/A,N/A,N/A
AMP,12.27,0.5441,0.1928,63,BUY,N/A,N/A,N/A,N/A,N/A
AAPL,43.04,1.5191,0.2692,58,BUY,N/A,N/A,N/A,N/A,N/A
AMGN,28.55,0.8906,0.2098,48,WATCH,N/A,N/A,N/A,N/A,N/A
HOOD,46.67,0.206,0.421,47,WATCH,N/A,N/A,N/A,N/A,N/A
SOFI,42.5,0.0459,0.1332,44,WATCH,N/A,N/A,N/A,N/A,N/A
AME,38.58,0.1393,0.2,43,WATCH,N/A,N/A,N/A,N/A,N/A
JPM,15.52,0.1574,0.3137,43,WATCH,N/A,N/A,N/A,N/A,N/A
NKE,13.6,0.2091,0.067,43,WATCH,N/A,N/A,N/A,N/A,N/A
NBIS,5650.57,0.0021,0.0185,34,WATCH,N/A,N/A,N/A,N/A,N/A
AWK,22.87,0.1025,0.2161,28,AVOID,N/A,N/A,N/A,N/A,N/A
MRNA,,-0.3262,-1.4683,22,AVOID,N/A,N/A,N/A,N/A,N/A
NET,,-0.0701,-0.0472,20,AVOID,N/A,N/A,N/A,N/A,N/A
LNT,20.39,0.1104,0.1857,15,AVOID,N/A,N/A,N/A,N/A,N/A
LMND,,-0.3102,-0.2243,12,AVOID,N/A,N/A,N/A,N/A,N/A
RBLX,,-2.6999,-0.2178,0,AVOID,N/A,N/A,N/A,N/A,N/A
