ticker,penalty,boost,risk_flags,bonus_flags,net
LNT,26,8,"['Down in 3 months (-15)', 'Elevated short interest (-6)', 'Low insider ownership (-5)']",['Near 52-week low (+8)'],-18
NET,18,18,"['Low insider ownership (-5)', 'PEG stretched (-5)', 'Near 52-week high (-8)']","['Up in 3 months (+8)', 'Up in 6 months (+5)', 'Low short interest (+5)']",0
SNDK,5,5,['Low insider ownership (-5)'],['Up in 6 months (+5)'],0
JPM,5,5,['Low insider ownership (-5)'],['Low short interest (+5)'],0
SOFI,14,18,"['Down in 3 months (-8)', 'Elevated short interest (-6)']","['PEG undervalued vs growth (+10)', 'Near 52-week low (+8)']",4
AME,10,5,"['Low insider ownership (-5)', 'PEG stretched (-5)']",['Low short interest (+5)'],-5
GOOGL,8,5,['Down in 3 months (-8)'],['Low short interest (+5)'],-3
AWK,10,0,"['Low insider ownership (-5)', 'PEG stretched (-5)']",[],-10
AAPL,5,10,['PEG stretched (-5)'],"['Up in 6 months (+5)', 'Low short interest (+5)']",5
NVDA,8,28,['Near 52-week high (-8)'],"['Up in 3 months (+8)', 'Up in 6 months (+5)', 'Low short interest (+5)', 'PEG undervalued vs growth (+10)']",20
LYFT,12,10,['High short interest (-12)'],['PEG undervalued vs growth (+10)'],-2
LMND,21,8,"['Down in 3 months (-15)', 'Elevated short interest (-6)']",['Near 52-week low (+8)'],-13
HOOD,5,5,['Low insider ownership (-5)'],['Up in 6 months (+5)'],0
META,5,28,['Low insider ownership (-5)'],"['Up in 3 months (+8)', 'Up in 6 months (+5)', 'Low short interest (+5)', 'PEG undervalued vs growth (+10)']",23
AMGN,10,5,"['Low insider ownership (-5)', 'PEG stretched (-5)']",['Low short interest (+5)'],-5
RBLX,25,8,"['Down in 3 months (-15)', 'PEG overvalued vs growth (-10)']",['Near 52-week low (+8)'],-17
NBIS,6,23,['Elevated short interest (-6)'],"['Up in 3 months (+8)', 'Up in 6 months (+5)', 'PEG undervalued vs growth (+10)']",17
MSFT,5,18,['Low insider ownership (-5)'],"['Up in 3 months (+8)', 'Up in 6 months (+5)', 'Low short interest (+5)']",13
NKE,23,8,"['Down in 3 months (-15)', 'Revenue declining (-8)']",['Near 52-week low (+8)'],-15
MRNA,6,13,['Elevated short interest (-6)'],"['Up in 3 months (+8)', 'Up in 6 months (+5)']",7
AMP,5,0,['Low insider ownership (-5)'],[],-5
