ticker,price,score,rating,reasons
META,728.95,93,STRONG BUY,P/E under 35 (+5) | ROE over 15% (+10) | FCF over $1B (+15) | D/E under 0.5 (+15) | Margin over 20% (+15) | Revenue growth over 20% (+10) | Up in 3 months (+8) | Up in 6 months (+5) | Low short interest (+5) | PEG undervalued vs growth (+10) | ⚠️ Low insider ownership (-5)
NVDA,234.81,90,STRONG BUY,P/E high at 47.2 (0) | ROE over 30% (+15) | FCF over $1B (+15) | D/E under 0.5 (+15) | Margin over 20% (+15) | Revenue growth over 20% (+10) | Up in 3 months (+8) | Up in 6 months (+5) | Low short interest (+5) | PEG undervalued vs growth (+10) | ⚠️ Near 52-week high (-8)
MSFT,514.565,85,STRONG BUY,P/E under 35 (+5) | ROE over 30% (+15) | FCF over $1B (+15) | D/E under 0.5 (+15) | Margin over 20% (+15) | Revenue growth over 10% (+7) | Up in 3 months (+8) | Up in 6 months (+5) | Low short interest (+5) | ⚠️ Low insider ownership (-5)
SNDK,1724.34,80,STRONG BUY,P/E under 25 (+10) | ROE over 30% (+15) | FCF over $1B (+15) | D/E under 0.5 (+15) | Margin over 20% (+15) | Revenue growth over 20% (+10) | Up in 6 months (+5) | ⚠️ Low insider ownership (-5)
LYFT,15.335,76,STRONG BUY,P/E under 15 (+15) | ROE over 30% (+15) | FCF over $1B (+15) | D/E under 0.5 (+15) | Margin over 20% (+15) | Revenue growth positive (+3) | PEG undervalued vs growth (+10) | ⚠️ High short interest (-12)
GOOGL,343.02,74,STRONG BUY,P/E under 25 (+10) | ROE over 30% (+15) | FCF over $1B (+15) | D/E under 0.5 (+15) | Margin over 20% (+15) | Revenue growth over 10% (+7) | Low short interest (+5) | ⚠️ Down in 3 months (-8)
AMP,490.445,63,BUY,P/E under 15 (+15) | ROE over 30% (+15) | FCF over $1B (+15) | D/E under 1.0 (+10) | Margin over 10% (+10) | Revenue growth positive (+3) | ⚠️ Low insider ownership (-5)
AAPL,332.865,58,BUY,P/E high at 43.4 (0) | ROE over 30% (+15) | FCF over $1B (+15) | D/E under 2.0 (+5) | Margin over 20% (+15) | Revenue growth positive (+3) | Up in 6 months (+5) | Low short interest (+5) | ⚠️ PEG stretched (-5)
HOOD,114.2,55,BUY,P/E high at 48.0 (0) | ROE over 15% (+10) | FCF over $1B (+15) | D/E under 2.0 (+5) | Margin over 20% (+15) | Revenue growth over 20% (+10) | Up in 6 months (+5) | ⚠️ Low insider ownership (-5)
AMGN,403.3908,48,WATCH,P/E under 35 (+5) | ROE over 30% (+15) | FCF over $1B (+15) | D/E high at 6.3 (0) | Margin over 20% (+15) | Revenue growth positive (+3) | Low short interest (+5) | ⚠️ Low insider ownership (-5) | ⚠️ PEG stretched (-5)
SOFI,15.865,44,WATCH,P/E high at 42.6 (0) | ROE positive (+5) | FCF negative (0) | D/E under 0.5 (+15) | Margin over 10% (+10) | Revenue growth over 20% (+10) | PEG undervalued vs growth (+10) | Near 52-week low (+8) | ⚠️ Down in 3 months (-8) | ⚠️ Elevated short interest (-6)
NKE,33.62,43,WATCH,P/E under 15 (+15) | ROE over 15% (+10) | FCF over $1B (+15) | D/E under 1.0 (+10) | Margin positive (+5) | Revenue growth positive (+3) | Near 52-week low (+8) | ⚠️ Down in 3 months (-15) | ⚠️ Revenue declining (-8)
JPM,331.03,43,WATCH,P/E under 25 (+10) | ROE over 15% (+10) | D/E under 2.0 (+5) | Margin over 20% (+15) | Revenue growth positive (+3) | Low short interest (+5) | ⚠️ Low insider ownership (-5)
AME,252.8,43,WATCH,P/E high at 39.1 (0) | ROE positive (+5) | FCF over $1B (+15) | D/E under 0.5 (+15) | Margin over 10% (+10) | Revenue growth positive (+3) | Low short interest (+5) | ⚠️ Low insider ownership (-5) | ⚠️ PEG stretched (-5)
NBIS,242.8,42,WATCH,P/E high at 5460.7 (0) | ROE positive (+5) | FCF negative (0) | D/E under 2.0 (+5) | Margin positive (+5) | Revenue growth over 20% (+10) | Up in 3 months (+8) | Up in 6 months (+5) | PEG undervalued vs growth (+10) | ⚠️ Elevated short interest (-6)
AWK,129.865,28,AVOID,P/E under 25 (+10) | ROE positive (+5) | FCF negative (0) | D/E under 2.0 (+5) | Margin over 20% (+15) | Revenue growth positive (+3) | ⚠️ Low insider ownership (-5) | ⚠️ PEG stretched (-5)
MRNA,189.065,22,AVOID,ROE negative (0) | FCF negative (0) | D/E under 0.5 (+15) | Margin negative (0) | Revenue shrinking (0) | Up in 3 months (+8) | Up in 6 months (+5) | ⚠️ Elevated short interest (-6)
NET,351.64,20,AVOID,ROE negative (0) | FCF positive (+10) | D/E high at 2.4 (0) | Margin negative (0) | Revenue growth over 20% (+10) | Up in 3 months (+8) | Up in 6 months (+5) | Low short interest (+5) | ⚠️ Low insider ownership (-5) | ⚠️ PEG stretched (-5) | ⚠️ Near 52-week high (-8)
LNT,64.5,15,AVOID,P/E under 25 (+10) | ROE positive (+5) | D/E under 2.0 (+5) | Margin over 10% (+10) | Revenue growth positive (+3) | Near 52-week low (+8) | ⚠️ Down in 3 months (-15) | ⚠️ Elevated short interest (-6) | ⚠️ Low insider ownership (-5)
LMND,46.16,12,AVOID,ROE negative (0) | FCF negative (0) | D/E under 0.5 (+15) | Margin negative (0) | Revenue growth over 20% (+10) | Near 52-week low (+8) | ⚠️ Down in 3 months (-15) | ⚠️ Elevated short interest (-6)
RBLX,44.13,0,AVOID,ROE negative (0) | FCF over $1B (+15) | D/E high at 4.6 (0) | Margin negative (0) | Revenue growth over 20% (+10) | Near 52-week low (+8) | ⚠️ Down in 3 months (-15) | ⚠️ Down in 6 months (-10) | ⚠️ PEG overvalued vs growth (-10)
