ticker,name,price,sector,score,pe,roe,margin,growth,peg,reasons
OXY,Occidental Petroleum Corporatio,54.94,Energy,91,16.5,10.6,30.3,53.4,1.12,P/E under 25 | ROE positive | FCF over $1B | Low debt | Margin over 20% | Revenue growth over 20% | Up in 3 months (+8) | Low short interest (+5) | High insider ownership (+8)
PLTR,Palantir Technologies Inc.,186.97,Technology,88,159.8,38.1,49.0,92.8,1.8,ROE over 30% | FCF over $1B | Low debt | Margin over 20% | Revenue growth over 20% | Up in 3 months (+8) | Up in 6 months (+5) | Low short interest (+5)
PSX,Phillips 66,252.25,Energy,88,14.4,23.5,4.7,53.1,0.81,P/E under 15 | ROE over 15% | FCF over $1B | Moderate debt | Margin positive | Revenue growth over 20% | Up in 3 months (+8) | Up in 6 months (+5) | Low short interest (+5) | PEG undervalued vs growth (+10) | ⚠️ Low insider ownership (-5)
CVX,Chevron Corporation,204.38,Energy,83,19.7,12.2,9.8,53.5,0.9,P/E under 25 | ROE positive | FCF over $1B | Low debt | Margin positive | Revenue growth over 20% | Up in 3 months (+8) | Low short interest (+5) | PEG undervalued vs growth (+10)
MPC,Marathon Petroleum Corporation,392.03,Energy,83,13.6,42.1,5.5,53.7,0.9,P/E under 15 | ROE over 30% | FCF over $1B | Manageable debt | Margin positive | Revenue growth over 20% | Up in 3 months (+8) | Up in 6 months (+5) | PEG undervalued vs growth (+10) | ⚠️ Low insider ownership (-5)
ADBE,Adobe Inc.,233.17,Technology,82,12.9,61.9,28.0,12.9,0.56,P/E under 15 | ROE over 30% | FCF over $1B | Moderate debt | Margin over 20% | Revenue growth over 10% | PEG undervalued vs growth (+10) | ⚠️ Low insider ownership (-5)
ORCL,Oracle Corporation,137.79,Technology,81,20.8,41.2,26.4,29.6,0.74,P/E under 25 | ROE over 30% | Margin over 20% | Revenue growth over 20% | Low short interest (+5) | High insider ownership (+8) | PEG undervalued vs growth (+10) | Near 52-week low (+8)
SPOT,Spotify Technology S.A.,493.66,Communication Services,80,27.5,44.5,18.4,13.9,1.41,P/E under 35 | ROE over 30% | FCF over $1B | Low debt | Margin over 10% | Revenue growth over 10% | Low short interest (+5) | High insider ownership (+8)
BLK,"BlackRock, Inc.",1067.94,Financial Services,80,25.6,12.3,24.1,30.6,0.9,P/E under 35 | ROE positive | FCF over $1B | Low debt | Margin over 20% | Revenue growth over 20% | Low short interest (+5) | PEG undervalued vs growth (+10)
CRM,"Salesforce, Inc.",225.31,Technology,80,20.6,19.4,22.0,10.8,0.76,P/E under 25 | ROE over 15% | FCF over $1B | Manageable debt | Margin over 20% | Revenue growth over 10% | Up in 3 months (+8) | PEG undervalued vs growth (+10)
REGN,"Regeneron Pharmaceuticals, Inc.",750.51,Healthcare,80,18.6,14.0,27.9,16.7,1.24,P/E under 25 | ROE positive | FCF over $1B | Low debt | Margin over 20% | Revenue growth over 10% | Up in 3 months (+8) | Low short interest (+5)
AMZN,"Amazon.com, Inc.",246.67,Consumer Cyclical,77,19.8,30.6,17.4,19.6,1.46,P/E under 25 | ROE over 30% | FCF over $1B | Low debt | Margin over 10% | Revenue growth over 10% | Low short interest (+5)
PYPL,"PayPal Holdings, Inc.",53.89,Financial Services,76,10.2,24.5,14.4,4.8,0.96,P/E under 15 | ROE over 15% | FCF over $1B | Moderate debt | Margin over 10% | Revenue growth positive | Up in 3 months (+8) | PEG undervalued vs growth (+10) | ⚠️ Low insider ownership (-5)
EOG,"EOG Resources, Inc.",139.66,Energy,75,10.9,22.5,25.7,58.7,1.32,P/E under 15 | ROE over 15% | FCF over $1B | Low debt | Margin over 20% | Revenue growth over 20% | ⚠️ Low insider ownership (-5)
COP,ConocoPhillips,125.44,Energy,73,16.7,14.2,14.4,35.5,1.07,P/E under 25 | ROE positive | FCF over $1B | Low debt | Margin over 10% | Revenue growth over 20% | Up in 3 months (+8) | Low short interest (+5) | ⚠️ Low insider ownership (-5)
VLO,Valero Energy Corporation,387.72,Energy,73,16.2,27.6,5.4,51.7,1.92,P/E under 25 | ROE over 15% | FCF over $1B | Low debt | Margin positive | Revenue growth over 20% | Up in 3 months (+8) | Up in 6 months (+5) | ⚠️ Low insider ownership (-5)
TXN,Texas Instruments Incorporated,281.69,Technology,72,42.4,35.2,31.1,22.8,0.99,ROE over 30% | FCF over $1B | Moderate debt | Margin over 20% | Revenue growth over 20% | Up in 6 months (+5) | Low short interest (+5) | PEG undervalued vs growth (+10) | ⚠️ Down in 3 months (-8) | ⚠️ Low insider ownership (-5)
NFLX,"Netflix, Inc.",70.3,Communication Services,72,22.1,49.5,28.2,13.4,1.18,P/E under 25 | ROE over 30% | FCF over $1B | Moderate debt | Margin over 20% | Revenue growth over 10% | Low short interest (+5) | Near 52-week low (+8) | ⚠️ Down in 3 months (-8) | ⚠️ Low insider ownership (-5)
CSCO,"Cisco Systems, Inc.",106.94,Technology,69,32.1,27.3,21.0,17.6,0.98,P/E under 35 | ROE over 15% | FCF over $1B | Moderate debt | Margin over 20% | Revenue growth over 10% | Up in 6 months (+5) | Low short interest (+5) | PEG undervalued vs growth (+10) | ⚠️ Down in 3 months (-8) | ⚠️ Low insider ownership (-5)
NOW,"ServiceNow, Inc.",129.94,Technology,68,81.2,14.2,11.3,24.0,0.95,ROE positive | FCF over $1B | Moderate debt | Margin over 10% | Revenue growth over 20% | Up in 3 months (+8) | Low short interest (+5) | PEG undervalued vs growth (+10) | ⚠️ Low insider ownership (-5)
XOM,ExxonMobil Holdings Corporation,161.35,Energy,68,20.9,12.6,9.1,44.1,1.39,P/E under 25 | ROE positive | FCF over $1B | Low debt | Margin positive | Revenue growth over 20% | Up in 3 months (+8) | Low short interest (+5) | ⚠️ Low insider ownership (-5)
V,Visa Inc.,365.88,Financial Services,67,31.2,61.2,50.8,14.4,1.67,P/E under 35 | ROE over 30% | FCF over $1B | Moderate debt | Margin over 20% | Revenue growth over 10% | Low short interest (+5) | ⚠️ Low insider ownership (-5)
VRTX,Vertex Pharmaceuticals Incorpor,526.73,Healthcare,67,30.6,23.5,35.0,12.5,1.94,P/E under 35 | ROE over 15% | FCF over $1B | Low debt | Margin over 20% | Revenue growth over 10% | Low short interest (+5) | ⚠️ Low insider ownership (-5)
UBER,"Uber Technologies, Inc.",69.36,Technology,65,15.2,37.2,17.3,12.2,5.81,P/E under 25 | ROE over 30% | FCF over $1B | Moderate debt | Margin over 10% | Revenue growth over 10% | Low short interest (+5) | Near 52-week low (+8) | ⚠️ Low insider ownership (-5) | ⚠️ PEG overvalued vs growth (-10)
DHR,Danaher Corporation,226.11,Healthcare,64,40.5,7.6,15.9,5.5,1.36,ROE positive | FCF over $1B | Moderate debt | Margin over 10% | Revenue growth positive | Up in 3 months (+8) | Low short interest (+5) | High insider ownership (+8)
LMT,Lockheed Martin Corporation,512.21,Industrials,62,19.1,89.2,8.2,10.5,0.98,P/E under 25 | ROE over 30% | FCF over $1B | Margin positive | Revenue growth over 10% | Low short interest (+5) | PEG undervalued vs growth (+10) | ⚠️ Low insider ownership (-5)
AMD,"Advanced Micro Devices, Inc.",607.57,Technology,62,161.2,10.2,15.6,50.1,0.62,ROE positive | FCF over $1B | Low debt | Margin over 10% | Revenue growth over 20% | Up in 6 months (+5) | Low short interest (+5) | PEG undervalued vs growth (+10) | ⚠️ Low insider ownership (-5) | ⚠️ Near 52-week high (-8)
BSX,Boston Scientific Corporation,43.88,Healthcare,61,17.8,15.3,17.5,7.5,0.62,P/E under 25 | ROE over 15% | FCF over $1B | Moderate debt | Margin over 10% | Revenue growth positive | PEG undervalued vs growth (+10) | Near 52-week low (+8) | ⚠️ Down in 6 months (-10) | ⚠️ Low insider ownership (-5)
COF,Capital One Financial Corporati,196.46,Financial Services,60,11.1,9.0,21.9,1111.0,0.17,P/E under 15 | ROE positive | Margin over 20% | Revenue growth over 20% | Low short interest (+5) | PEG undervalued vs growth (+10)
QCOM,QUALCOMM Incorporated,184.1,Technology,60,21.4,33.8,21.0,-4.0,0.83,P/E under 25 | ROE over 30% | FCF over $1B | Moderate debt | Margin over 20% | Up in 6 months (+5) | PEG undervalued vs growth (+10) | ⚠️ Low insider ownership (-5) | ⚠️ Revenue and earnings shrinking (-15)
AXP,American Express Company,305.4,Financial Services,60,18.5,34.4,16.1,12.8,1.23,P/E under 25 | ROE over 30% | Manageable debt | Margin over 10% | Revenue growth over 10% | Low short interest (+5) | High insider ownership (+8) | Near 52-week low (+8) | ⚠️ Down in 3 months (-8)
SCHW,Charles Schwab Corporation (The,99.1,Financial Services,60,17.9,20.3,38.8,20.9,0.83,P/E under 25 | ROE over 15% | Manageable debt | Margin over 20% | Revenue growth over 20% | PEG undervalued vs growth (+10)
MET,"MetLife, Inc.",95.2,Financial Services,60,18.2,13.1,4.6,10.5,0.51,P/E under 25 | ROE positive | Manageable debt | Margin positive | Revenue growth over 10% | Up in 6 months (+5) | Low short interest (+5) | High insider ownership (+8) | PEG undervalued vs growth (+10)
AMT,American Tower Corporation (REI,167.35,Real Estate,58,23.1,33.9,31.1,4.7,1.59,P/E under 25 | ROE over 30% | FCF over $1B | Margin over 20% | Revenue growth positive | Low short interest (+5) | ⚠️ Low insider ownership (-5)
BRK-B,Berkshire Hathaway Inc. New,502.35,Financial Services,58,12.7,12.1,22.3,10.0,10.06,P/E under 15 | ROE positive | FCF over $1B | Low debt | Margin over 20% | Revenue growth positive | Low short interest (+5) | ⚠️ Low insider ownership (-5) | ⚠️ PEG overvalued vs growth (-10)
HON,Honeywell International Inc.,210.13,Industrials,58,8.1,46.6,21.6,4.3,3.46,P/E under 15 | ROE over 30% | FCF over $1B | Manageable debt | Margin over 20% | Revenue growth positive | Low short interest (+5) | ⚠️ Low insider ownership (-5) | ⚠️ PEG overvalued vs growth (-10)
SYK,Stryker Corporation,278.77,Healthcare,58,28.5,16.5,14.4,9.4,1.29,P/E under 35 | ROE over 15% | FCF over $1B | Moderate debt | Margin over 10% | Revenue growth positive | Low short interest (+5) | Near 52-week low (+8) | ⚠️ Down in 3 months (-8)
MDT,Medtronic plc.,87.09,Healthcare,57,21.5,10.6,13.9,13.7,1.61,P/E under 25 | ROE positive | FCF over $1B | Moderate debt | Margin over 10% | Revenue growth over 10% | Low short interest (+5) | ⚠️ Low insider ownership (-5)
MA,Mastercard Incorporated,563.58,Financial Services,57,31.0,241.2,46.3,14.1,1.48,P/E under 35 | ROE over 30% | FCF over $1B | Margin over 20% | Revenue growth over 10% | Low short interest (+5) | ⚠️ Low insider ownership (-5)
ROST,"Ross Stores, Inc.",234.4,Consumer Cyclical,57,28.3,42.6,10.8,13.3,2.54,P/E under 35 | ROE over 30% | FCF over $1B | Moderate debt | Margin over 10% | Revenue growth over 10% | ⚠️ PEG stretched (-5)
TGT,Target Corporation,156.43,Consumer Defensive,56,16.4,26.4,4.1,5.3,1.97,P/E under 25 | ROE over 15% | FCF over $1B | Manageable debt | Margin positive | Revenue growth positive | Up in 3 months (+8) | Up in 6 months (+5) | ⚠️ Low insider ownership (-5)
JNJ,Johnson & Johnson,267.57,Healthcare,53,31.6,25.7,21.5,6.6,2.85,P/E under 35 | ROE over 15% | FCF over $1B | Moderate debt | Margin over 20% | Revenue growth positive | Low short interest (+5) | ⚠️ Low insider ownership (-5) | ⚠️ PEG stretched (-5)
KO,Coca-Cola Company (The),86.84,Consumer Defensive,53,26.3,42.1,28.6,6.7,3.96,P/E under 35 | ROE over 30% | FCF over $1B | Manageable debt | Margin over 20% | Revenue growth positive | Low short interest (+5) | ⚠️ PEG overvalued vs growth (-10)
PEP,"Pepsico, Inc.",128.69,Consumer Defensive,53,16.9,51.5,10.8,6.4,1.32,P/E under 25 | ROE over 30% | FCF over $1B | Margin over 10% | Revenue growth positive | Low short interest (+5) | Near 52-week low (+8) | ⚠️ Down in 3 months (-8) | ⚠️ Low insider ownership (-5)
ABT,Abbott Laboratories,100.95,Healthcare,52,32.7,10.6,11.6,13.0,1.85,P/E under 35 | ROE positive | FCF over $1B | Moderate debt | Margin over 10% | Revenue growth over 10% | Low short interest (+5) | ⚠️ Low insider ownership (-5)
SPG,"Simon Property Group, Inc.",204.28,Real Estate,49,14.4,120.5,66.6,19.5,4.58,P/E under 15 | ROE over 30% | FCF over $1B | Margin over 20% | Revenue growth over 10% | ⚠️ Down in 3 months (-8) | ⚠️ PEG overvalued vs growth (-10)
SLB,SLB Limited,49.87,Energy,48,24.3,12.9,8.5,5.0,1.36,P/E under 25 | ROE positive | FCF over $1B | Low debt | Margin positive | Revenue growth positive | ⚠️ Low insider ownership (-5)
MMM,3M Company,168.49,Industrials,48,29.9,81.9,11.9,2.5,1.59,P/E under 35 | ROE over 30% | FCF over $1B | Margin over 10% | Revenue growth positive | Low short interest (+5) | ⚠️ Low insider ownership (-5)
BMY,Bristol-Myers Squibb Company,62.86,Healthcare,48,14.1,46.6,18.9,5.7,17.79,P/E under 15 | ROE over 30% | FCF over $1B | Margin over 10% | Revenue growth positive | Low short interest (+5) | ⚠️ Low insider ownership (-5) | ⚠️ PEG overvalued vs growth (-10)
PLD,"Prologis, Inc.",132.61,Real Estate,47,29.5,7.7,43.6,12.3,115.29,P/E under 35 | ROE positive | FCF over $1B | Moderate debt | Margin over 20% | Revenue growth over 10% | Low short interest (+5) | ⚠️ Low insider ownership (-5) | ⚠️ PEG overvalued vs growth (-10)
ISRG,"Intuitive Surgical, Inc.",412.18,Healthcare,47,46.2,17.4,28.4,18.5,1.93,ROE over 15% | FCF over $1B | Margin over 20% | Revenue growth over 10% | Low short interest (+5) | ⚠️ Low insider ownership (-5)
TMO,Thermo Fisher Scientific Inc,679.61,Healthcare,47,36.6,13.5,15.0,10.5,2.02,ROE positive | FCF over $1B | Moderate debt | Margin over 10% | Revenue growth over 10% | Up in 3 months (+8) | Up in 6 months (+5) | Low short interest (+5) | ⚠️ Low insider ownership (-5) | ⚠️ PEG stretched (-5) | ⚠️ Near 52-week high (-8)
HCA,"HCA Healthcare, Inc.",431.63,Healthcare,46,14.5,0.0,8.8,8.7,1.32,P/E under 15 | FCF over $1B | Margin positive | Revenue growth positive | High insider ownership (+8)
WMT,Walmart Inc.,106.8,Consumer Defensive,46,38.6,22.3,3.0,5.9,4.17,ROE over 15% | FCF over $1B | Moderate debt | Margin positive | Revenue growth positive | Low short interest (+5) | High insider ownership (+8) | ⚠️ PEG overvalued vs growth (-10)
IBM,International Business Machines,219.99,Technology,46,19.6,34.5,15.5,1.1,2.09,P/E under 25 | ROE over 30% | FCF over $1B | Manageable debt | Margin over 10% | Revenue growth positive | Low short interest (+5) | Near 52-week low (+8) | ⚠️ Down in 3 months (-15) | ⚠️ Low insider ownership (-5) | ⚠️ PEG stretched (-5)
INTC,Intel Corporation,115.93,Technology,45,0.0,-10.7,-19.8,25.4,1.36,FCF over $1B | Low debt | Revenue growth over 20% | Up in 6 months (+5) | High insider ownership (+8) | ⚠️ Down in 3 months (-8)
UNH,UnitedHealth Group Incorporated,374.94,Healthcare,45,24.3,14.2,3.1,0.4,1.03,P/E under 25 | ROE positive | FCF over $1B | Moderate debt | Margin positive | Revenue growth positive | Up in 6 months (+5) | Low short interest (+5) | ⚠️ Down in 3 months (-8) | ⚠️ Low insider ownership (-5)
MS,Morgan Stanley,192.76,Financial Services,45,15.6,18.0,25.9,28.0,1.7,P/E under 25 | ROE over 15% | Margin over 20% | Revenue growth over 20% | High insider ownership (+8) | ⚠️ Down in 3 months (-8)
C,"Citigroup, Inc.",130.8,Financial Services,44,14.1,8.5,21.8,15.5,0.61,P/E under 15 | ROE positive | Margin over 20% | Revenue growth over 10% | Low short interest (+5) | PEG undervalued vs growth (+10) | ⚠️ Down in 3 months (-8) | ⚠️ Low insider ownership (-5)
FDX,FedEx Corporation,287.47,Industrials,44,15.5,14.8,4.7,12.5,1.22,P/E under 25 | ROE positive | FCF over $1B | Manageable debt | Margin positive | Revenue growth over 10% | Low short interest (+5) | ⚠️ Down in 3 months (-8)
BAC,Bank of America Corporation,54.96,Financial Services,44,12.7,11.2,29.5,16.8,0.87,P/E under 15 | ROE positive | Margin over 20% | Revenue growth over 10% | PEG undervalued vs growth (+10) | ⚠️ Down in 3 months (-8)
MO,"Altria Group, Inc.",68.72,Consumer Defensive,43,14.6,0.0,39.0,1.2,2.65,P/E under 15 | FCF over $1B | Margin over 20% | Revenue growth positive | Low short interest (+5) | ⚠️ Low insider ownership (-5) | ⚠️ PEG stretched (-5)
DIS,Walt Disney Company (The),105.41,Communication Services,43,21.8,8.0,8.7,6.8,3.44,P/E under 25 | ROE positive | FCF over $1B | Low debt | Margin positive | Revenue growth positive | Low short interest (+5) | ⚠️ Low insider ownership (-5) | ⚠️ PEG overvalued vs growth (-10)
GS,"Goldman Sachs Group, Inc. (The)",916.24,Financial Services,42,14.2,16.9,31.0,42.5,1.13,P/E under 15 | ROE over 15% | Margin over 20% | Revenue growth over 20% | Low short interest (+5) | ⚠️ Down in 3 months (-8) | ⚠️ Low insider ownership (-5)
RTX,RTX Corporation,186.94,Industrials,42,33.0,12.3,8.3,14.5,2.18,P/E under 35 | ROE positive | FCF over $1B | Moderate debt | Margin positive | Revenue growth over 10% | Low short interest (+5) | ⚠️ Low insider ownership (-5) | ⚠️ PEG stretched (-5)
COST,Costco Wholesale Corporation,924.59,Consumer Defensive,42,44.5,28.4,3.0,11.1,4.48,ROE over 15% | FCF over $1B | Low debt | Margin positive | Revenue growth over 10% | Low short interest (+5) | ⚠️ Low insider ownership (-5) | ⚠️ PEG overvalued vs growth (-10)
MRK,"Merck & Company, Inc.",149.28,Healthcare,41,119.4,7.0,4.8,5.1,2.72,ROE positive | FCF over $1B | Manageable debt | Margin positive | Revenue growth positive | Up in 3 months (+8) | Up in 6 months (+5) | Low short interest (+5) | ⚠️ Low insider ownership (-5) | ⚠️ PEG stretched (-5)
DLTR,"Dollar Tree, Inc.",113.3,Consumer Defensive,40,14.2,46.0,8.0,7.0,1.45,P/E under 15 | ROE over 30% | FCF over $1B | Margin positive | Revenue growth positive | ⚠️ Down in 3 months (-8) | ⚠️ Low insider ownership (-5)
TJX,"TJX Companies, Inc. (The)",133.8,Consumer Cyclical,40,24.7,62.2,9.7,5.4,2.54,P/E under 25 | ROE over 30% | FCF over $1B | Manageable debt | Margin positive | Revenue growth positive | Low short interest (+5) | ⚠️ Down in 3 months (-8) | ⚠️ Low insider ownership (-5) | ⚠️ PEG stretched (-5)
BA,Boeing Company (The),187.68,Industrials,38,66.3,173.5,2.6,8.0,1.37,ROE over 30% | FCF over $1B | Margin positive | Revenue growth positive | Low short interest (+5) | Near 52-week low (+8) | ⚠️ Down in 3 months (-8) | ⚠️ Low insider ownership (-5)
MCD,McDonald's Corporation,233.98,Consumer Cyclical,38,19.0,0.0,31.7,3.7,2.02,P/E under 25 | FCF over $1B | Margin over 20% | Revenue growth positive | Low short interest (+5) | Near 52-week low (+8) | ⚠️ Down in 3 months (-8) | ⚠️ Low insider ownership (-5) | ⚠️ PEG stretched (-5)
O,Realty Income Corporation,55.14,Real Estate,38,40.2,3.2,20.9,9.6,2.79,ROE positive | FCF over $1B | Moderate debt | Margin over 20% | Revenue growth positive | Near 52-week low (+8) | ⚠️ Down in 3 months (-8) | ⚠️ Low insider ownership (-5) | ⚠️ PEG stretched (-5)
DE,Deere & Company,680.5,Industrials,38,38.3,18.2,10.2,4.9,1.6,ROE over 15% | FCF over $1B | Margin over 10% | Revenue growth positive | Low short interest (+5) | ⚠️ Low insider ownership (-5)
TSLA,"Tesla, Inc.",352.84,Consumer Cyclical,38,329.8,4.7,3.7,25.5,4.27,ROE positive | FCF over $1B | Low debt | Margin positive | Revenue growth over 20% | Low short interest (+5) | High insider ownership (+8) | ⚠️ Down in 3 months (-15) | ⚠️ PEG overvalued vs growth (-10)
PNC,"PNC Financial Services Group, I",221.65,Financial Services,37,12.2,12.6,31.4,23.6,1.57,P/E under 15 | ROE positive | Margin over 20% | Revenue growth over 20% | Low short interest (+5) | ⚠️ Down in 3 months (-8) | ⚠️ Low insider ownership (-5)
PM,Philip Morris International Inc,193.9,Consumer Defensive,37,26.6,0.0,25.6,10.4,2.33,P/E under 35 | FCF over $1B | Margin over 20% | Revenue growth over 10% | Low short interest (+5) | ⚠️ Low insider ownership (-5) | ⚠️ PEG stretched (-5)
NEE,"NextEra Energy, Inc.",75.89,Utilities,37,17.0,11.7,32.4,12.4,1.52,P/E under 25 | ROE positive | Manageable debt | Margin over 20% | Revenue growth over 10% | Near 52-week low (+8) | ⚠️ Down in 3 months (-8) | ⚠️ Low insider ownership (-5)
EQIX,"Equinix, Inc.",1015.27,Real Estate,37,65.2,10.7,15.5,16.7,2.85,ROE positive | FCF over $1B | Manageable debt | Margin over 10% | Revenue growth over 10% | Low short interest (+5) | ⚠️ Low insider ownership (-5) | ⚠️ PEG stretched (-5)
YUM,"Yum! Brands, Inc.",137.73,Consumer Cyclical,37,17.3,0.0,25.4,12.2,1.73,P/E under 25 | FCF positive | Margin over 20% | Revenue growth over 10% | Near 52-week low (+8) | ⚠️ Down in 3 months (-8) | ⚠️ Low insider ownership (-5)
HD,"Home Depot, Inc. (The)",288.04,Consumer Cyclical,36,20.3,104.3,8.4,5.7,2.45,P/E under 25 | ROE over 30% | FCF over $1B | Margin positive | Revenue growth positive | Low short interest (+5) | Near 52-week low (+8) | ⚠️ Down in 3 months (-15) | ⚠️ Low insider ownership (-5) | ⚠️ PEG stretched (-5)
CMG,"Chipotle Mexican Grill, Inc.",31.88,Consumer Cyclical,35,29.5,49.6,11.4,9.3,1.42,P/E under 35 | ROE over 30% | FCF over $1B | Margin over 10% | Revenue growth positive | ⚠️ Down in 3 months (-8) | ⚠️ Low insider ownership (-5)
CAT,"Caterpillar, Inc.",826.64,Industrials,35,35.3,57.0,14.5,24.0,1.43,ROE over 30% | FCF over $1B | Margin over 10% | Revenue growth over 20% | Low short interest (+5) | ⚠️ Down in 3 months (-15) | ⚠️ Low insider ownership (-5)
UPS,"United Parcel Service, Inc.",93.93,Industrials,35,17.5,29.6,5.1,7.6,1.34,P/E under 25 | ROE over 15% | FCF over $1B | Manageable debt | Margin positive | Revenue growth positive | ⚠️ Down in 3 months (-8) | ⚠️ Low insider ownership (-5)
ABBV,AbbVie Inc.,263.29,Healthcare,34,74.2,0.0,9.8,10.2,0.54,FCF over $1B | Margin positive | Revenue growth over 10% | Up in 6 months (+5) | Low short interest (+5) | PEG undervalued vs growth (+10) | ⚠️ Low insider ownership (-5) | ⚠️ Near 52-week high (-8)
SNOW,Snowflake Inc.,330.31,Technology,33,0.0,-48.1,-20.1,35.1,8.24,FCF over $1B | Manageable debt | Revenue growth over 20% | Up in 3 months (+8) | Up in 6 months (+5) | ⚠️ PEG overvalued vs growth (-10)
SO,Southern Company (The),83.45,Utilities,33,20.1,11.5,15.4,0.1,1.95,P/E under 25 | ROE positive | Manageable debt | Margin over 10% | Revenue growth positive | Low short interest (+5) | Near 52-week low (+8) | ⚠️ Down in 3 months (-8) | ⚠️ Low insider ownership (-5)
LULU,lululemon athletica inc.,96.87,Consumer Cyclical,32,8.3,30.9,12.8,-4.3,1.1,P/E under 15 | ROE over 30% | FCF over $1B | Low debt | Margin over 10% | Near 52-week low (+8) | ⚠️ Down in 3 months (-15) | ⚠️ Down in 6 months (-10) | ⚠️ Elevated short interest (-6) | ⚠️ Revenue and earnings shrinking (-15)
TFC,Truist Financial Corporation,46.44,Financial Services,30,10.8,9.1,30.7,8.2,1.07,P/E under 15 | ROE positive | Margin over 20% | Revenue growth positive | Low short interest (+5) | ⚠️ Down in 3 months (-8) | ⚠️ Low insider ownership (-5)
GE,GE Aerospace,317.89,Industrials,30,37.6,48.2,17.7,21.1,4.05,ROE over 30% | FCF over $1B | Manageable debt | Margin over 10% | Revenue growth over 20% | Low short interest (+5) | ⚠️ Down in 3 months (-15) | ⚠️ Low insider ownership (-5) | ⚠️ PEG overvalued vs growth (-10)
DPZ,Domino's Pizza Inc,301.81,Consumer Cyclical,30,17.1,0.0,11.9,4.3,1.34,P/E under 25 | FCF positive | Margin over 10% | Revenue growth positive | Near 52-week low (+8) | ⚠️ Elevated short interest (-6) | ⚠️ Low insider ownership (-5)
USB,U.S. Bancorp,58.14,Financial Services,29,11.7,12.6,29.9,10.4,1.77,P/E under 15 | ROE positive | Margin over 20% | Revenue growth over 10% | ⚠️ Down in 3 months (-8) | ⚠️ Low insider ownership (-5)
PFE,"Pfizer, Inc.",28.72,Healthcare,28,37.8,5.0,6.8,2.6,13.14,ROE positive | FCF over $1B | Moderate debt | Margin positive | Revenue growth positive | Up in 3 months (+8) | Low short interest (+5) | ⚠️ Low insider ownership (-5) | ⚠️ PEG overvalued vs growth (-10) | ⚠️ Near 52-week high (-8)
EXC,Exelon Corporation,40.65,Utilities,28,14.9,9.7,11.0,9.9,2.17,P/E under 15 | ROE positive | Manageable debt | Margin over 10% | Revenue growth positive | Near 52-week low (+8) | ⚠️ Down in 3 months (-8) | ⚠️ Low insider ownership (-5) | ⚠️ PEG stretched (-5)
DUK,Duke Energy Corporation (Holdin,114.21,Utilities,28,17.2,9.9,16.0,1.1,2.11,P/E under 25 | ROE positive | Manageable debt | Margin over 10% | Revenue growth positive | Low short interest (+5) | Near 52-week low (+8) | ⚠️ Down in 3 months (-8) | ⚠️ Low insider ownership (-5) | ⚠️ PEG stretched (-5)
WFC,Wells Fargo & Company,80.48,Financial Services,25,11.7,12.6,27.2,9.5,1.26,P/E under 15 | ROE positive | Margin over 20% | Revenue growth positive | ⚠️ Down in 3 months (-8) | ⚠️ Low insider ownership (-5)
BIIB,Biogen Inc.,227.07,Healthcare,25,40.4,4.6,8.3,3.4,2.36,ROE positive | FCF over $1B | Low debt | Margin positive | Revenue growth positive | ⚠️ Low insider ownership (-5) | ⚠️ PEG stretched (-5) | ⚠️ Near 52-week high (-8)
GILD,"Gilead Sciences, Inc.",151.28,Healthcare,25,0.0,-20.7,-10.6,10.2,2.26,FCF over $1B | Revenue growth over 10% | Up in 3 months (+8) | Low short interest (+5) | ⚠️ Low insider ownership (-5) | ⚠️ PEG stretched (-5)
LOW,"Lowe's Companies, Inc.",187.26,Consumer Cyclical,21,15.8,0.0,7.3,8.3,2.22,P/E under 25 | FCF over $1B | Margin positive | Revenue growth positive | Low short interest (+5) | Near 52-week low (+8) | ⚠️ Down in 3 months (-15) | ⚠️ Low insider ownership (-5) | ⚠️ PEG stretched (-5)
AEP,American Electric Power Company,119.3,Utilities,15,20.6,10.1,13.8,7.0,2.15,P/E under 25 | ROE positive | Manageable debt | Margin over 10% | Revenue growth positive | ⚠️ Down in 3 months (-8) | ⚠️ Low insider ownership (-5) | ⚠️ PEG stretched (-5)
SBUX,Starbucks Corporation,95.43,Consumer Cyclical,0,54.8,0.0,5.2,-1.4,1.13,FCF over $1B | Margin positive | ⚠️ Down in 3 months (-8) | ⚠️ Low insider ownership (-5) | ⚠️ Revenue declining (-8)
